,duration,original_sr,suspicious_diff,min amplitude,max amplitude,max_magnitude1,max_magnitude2,max_magnitude3,min_magnitude1,min_magnitude2,min_magnitude3,max_phase1,max_phase2,max_phase3,min_phase1,min_phase2,min_phase3
1,8.94,8000.0,False,-0.5481972098350525,0.6862300634384155,534.0039672851562,494.4704895019531,448.2857360839844,6.4483507422608e-09,9.258228850228534e-09,1.2656974135438759e-08,3.1415927410125732,3.1415927410125732,3.1415927410125732,-3.1415927410125732,-3.1415927410125732,-3.1415927410125732
